,symboling,normalized-losses,make,num-of-doors,body-style,drive-wheels,engine-location,wheel-base,length,width,height,curb-weight,engine-type,num-of-cylinders,engine-size,fuel-system,bore,stroke,compression-ratio,horsepower,peak-rpm,city-mpg,highway-mpg,price,city-L/100km,highway-L/100km,horsepower-binned,fuel-type-diesel,fuel-type-gas,std,turbo
0,3,122.0,alfa-romero,two,convertible,rwd,front,88.6,0.8111484863046613,0.8902777777777777,0.8160535117056856,2548,dohc,four,130,mpfi,3.47,2.68,9.0,111,5000.0,21,27,16500,8.936170212765957,11.48936170212766,low,False,True,True,False
1,1,122.0,alfa-romero,two,hatchback,rwd,front,94.5,0.8226814031715521,0.9097222222222222,0.8762541806020067,2823,ohcv,six,152,mpfi,2.68,3.47,9.0,154,5000.0,19,26,16500,8.085106382978724,11.063829787234042,medium,False,True,True,False
2,2,164.0,audi,four,sedan,fwd,front,99.8,0.8486304661220567,0.9194444444444445,0.9080267558528428,2337,ohc,four,109,mpfi,3.19,3.4,10.0,102,5500.0,24,30,13950,10.212765957446807,12.76595744680851,low,False,True,True,False
3,2,164.0,audi,four,sedan,4wd,front,99.4,0.8486304661220567,0.9222222222222223,0.9080267558528428,2824,ohc,five,136,mpfi,3.19,3.4,8.0,115,5500.0,18,22,17450,7.659574468085106,9.361702127659575,low,False,True,True,False
4,2,122.0,audi,two,sedan,fwd,front,99.8,0.8519942335415667,0.9208333333333333,0.8879598662207359,2507,ohc,five,136,mpfi,3.19,3.4,8.5,110,5500.0,19,25,15250,8.085106382978724,10.638297872340425,low,False,True,True,False
5,1,158.0,audi,four,sedan,fwd,front,105.8,0.9259971167707832,0.9916666666666667,0.931438127090301,2844,ohc,five,136,mpfi,3.19,3.4,8.5,110,5500.0,19,25,17710,8.085106382978724,10.638297872340425,low,False,True,True,False
6,1,122.0,audi,four,wagon,fwd,front,105.8,0.9259971167707832,0.9916666666666667,0.931438127090301,2954,ohc,five,136,mpfi,3.19,3.4,8.5,110,5500.0,19,25,18920,8.085106382978724,10.638297872340425,low,False,True,True,False
7,1,158.0,audi,four,sedan,fwd,front,105.8,0.9259971167707832,0.9916666666666667,0.9347826086956522,3086,ohc,five,131,mpfi,3.13,3.4,8.3,140,5500.0,17,20,23875,7.234042553191489,8.51063829787234,medium,False,True,False,True
8,2,192.0,bmw,two,sedan,rwd,front,101.2,0.849591542527631,0.8999999999999999,0.9080267558528428,2395,ohc,four,108,mpfi,3.5,2.8,8.8,101,5800.0,23,29,16430,9.787234042553191,12.340425531914892,low,False,True,True,False
9,0,192.0,bmw,four,sedan,rwd,front,101.2,0.849591542527631,0.8999999999999999,0.9080267558528428,2395,ohc,four,108,mpfi,3.5,2.8,8.8,101,5800.0,23,29,16925,9.787234042553191,12.340425531914892,low,False,True,True,False
10,0,188.0,bmw,two,sedan,rwd,front,101.2,0.849591542527631,0.8999999999999999,0.9080267558528428,2710,ohc,six,164,mpfi,3.31,3.19,9.0,121,4250.0,21,28,20970,8.936170212765957,11.914893617021276,medium,False,True,True,False
11,0,188.0,bmw,four,sedan,rwd,front,101.2,0.849591542527631,0.8999999999999999,0.9080267558528428,2765,ohc,six,164,mpfi,3.31,3.19,9.0,121,4250.0,21,28,21105,8.936170212765957,11.914893617021276,medium,False,True,True,False
12,1,122.0,bmw,four,sedan,rwd,front,103.5,0.9082172032676598,0.9291666666666667,0.931438127090301,3055,ohc,six,164,mpfi,3.31,3.19,9.0,121,4250.0,20,25,24565,8.51063829787234,10.638297872340425,medium,False,True,True,False
13,0,122.0,bmw,four,sedan,rwd,front,103.5,0.9082172032676598,0.9291666666666667,0.931438127090301,3230,ohc,six,209,mpfi,3.62,3.39,8.0,182,5400.0,16,22,30760,6.808510638297872,9.361702127659575,medium,False,True,True,False
14,0,122.0,bmw,two,sedan,rwd,front,103.5,0.9312830370014417,0.9430555555555556,0.8979933110367894,3380,ohc,six,209,mpfi,3.62,3.39,8.0,182,5400.0,16,22,41315,6.808510638297872,9.361702127659575,medium,False,True,True,False
15,0,122.0,bmw,four,sedan,rwd,front,110.0,0.9466602594906295,0.9847222222222223,0.9414715719063546,3505,ohc,six,209,mpfi,3.62,3.39,8.0,182,5400.0,15,20,36880,6.382978723404255,8.51063829787234,medium,False,True,True,False
16,2,121.0,chevrolet,two,hatchback,fwd,front,88.4,0.6780394041326285,0.8374999999999999,0.8896321070234114,1488,l,three,61,2bbl,2.91,3.03,9.5,48,5100.0,47,53,5151,20.0,22.5531914893617,low,False,True,True,False
17,1,98.0,chevrolet,two,hatchback,fwd,front,94.5,0.7491590581451226,0.8833333333333333,0.8695652173913044,1874,ohc,four,90,2bbl,3.03,3.11,9.6,70,5400.0,38,43,6295,16.170212765957448,18.29787234042553,low,False,True,True,False
18,0,81.0,chevrolet,four,sedan,fwd,front,94.5,0.7630946660259491,0.8833333333333333,0.8695652173913044,1909,ohc,four,90,2bbl,3.03,3.11,9.6,70,5400.0,38,43,6575,16.170212765957448,18.29787234042553,low,False,True,True,False
19,1,118.0,dodge,two,hatchback,fwd,front,93.7,0.7558865929841423,0.8861111111111111,0.8494983277591973,1876,ohc,four,90,2bbl,2.97,3.23,9.41,68,5500.0,37,41,5572,15.74468085106383,17.4468085106383,low,False,True,True,False
20,1,118.0,dodge,two,hatchback,fwd,front,93.7,0.7558865929841423,0.8861111111111111,0.8494983277591973,1876,ohc,four,90,2bbl,2.97,3.23,9.4,68,5500.0,31,38,6377,13.191489361702127,16.170212765957448,low,False,True,True,False
21,1,118.0,dodge,two,hatchback,fwd,front,93.7,0.7558865929841423,0.8861111111111111,0.8494983277591973,2128,ohc,four,98,mpfi,3.03,3.39,7.6,102,5500.0,24,30,7957,10.212765957446807,12.76595744680851,low,False,True,False,True
22,1,148.0,dodge,four,hatchback,fwd,front,93.7,0.7558865929841423,0.8861111111111111,0.8461538461538463,1967,ohc,four,90,2bbl,2.97,3.23,9.4,68,5500.0,31,38,6229,13.191489361702127,16.170212765957448,low,False,True,True,False
23,1,148.0,dodge,four,sedan,fwd,front,93.7,0.7558865929841423,0.8861111111111111,0.8461538461538463,1989,ohc,four,90,2bbl,2.97,3.23,9.4,68,5500.0,31,38,6692,13.191489361702127,16.170212765957448,low,False,True,True,False
24,1,148.0,dodge,four,sedan,fwd,front,93.7,0.7558865929841423,0.8861111111111111,0.8461538461538463,1989,ohc,four,90,2bbl,2.97,3.23,9.4,68,5500.0,31,38,7609,13.191489361702127,16.170212765957448,low,False,True,True,False
25,1,148.0,dodge,,sedan,fwd,front,93.7,0.7558865929841423,0.8861111111111111,0.8461538461538463,2191,ohc,four,98,mpfi,3.03,3.39,7.6,102,5500.0,24,30,8558,10.212765957446807,12.76595744680851,low,False,True,False,True
26,-1,110.0,dodge,four,wagon,fwd,front,103.3,0.8390197020663143,0.8972222222222221,1.0,2535,ohc,four,122,2bbl,3.34,3.46,8.5,88,5000.0,24,30,8921,10.212765957446807,12.76595744680851,low,False,True,True,False
27,3,145.0,dodge,two,hatchback,fwd,front,95.9,0.8322921672272945,0.9208333333333333,0.8394648829431439,2811,ohc,four,156,mfi,3.6,3.9,7.0,145,5000.0,19,24,12964,8.085106382978724,10.212765957446807,medium,False,True,False,True
28,2,137.0,honda,two,hatchback,fwd,front,86.6,0.6948582412301778,0.8875,0.8494983277591973,1713,ohc,four,92,1bbl,2.91,3.41,9.6,58,4800.0,49,54,6479,20.851063829787233,22.97872340425532,low,False,True,True,False
29,2,137.0,honda,two,hatchback,fwd,front,86.6,0.6948582412301778,0.8875,0.8494983277591973,1819,ohc,four,92,1bbl,2.91,3.41,9.2,76,6000.0,31,38,6855,13.191489361702127,16.170212765957448,low,False,True,True,False
30,1,101.0,honda,two,hatchback,fwd,front,93.7,0.7208073041806824,0.8888888888888888,0.8795986622073579,1837,ohc,four,79,1bbl,2.91,3.07,10.1,60,5500.0,38,42,5399,16.170212765957448,17.872340425531913,low,False,True,True,False
31,1,101.0,honda,two,hatchback,fwd,front,93.7,0.7208073041806824,0.8888888888888888,0.8795986622073579,1940,ohc,four,92,1bbl,2.91,3.41,9.2,76,6000.0,30,34,6529,12.76595744680851,14.468085106382977,low,False,True,True,False
32,1,101.0,honda,two,hatchback,fwd,front,93.7,0.7208073041806824,0.8888888888888888,0.8795986622073579,1956,ohc,four,92,1bbl,2.91,3.41,9.2,76,6000.0,30,34,7129,12.76595744680851,14.468085106382977,low,False,True,True,False
33,0,110.0,honda,four,sedan,fwd,front,96.5,0.7851994233541567,0.8888888888888888,0.911371237458194,2010,ohc,four,92,1bbl,2.91,3.41,9.2,76,6000.0,30,34,7295,12.76595744680851,14.468085106382977,low,False,True,True,False
34,0,78.0,honda,four,wagon,fwd,front,96.5,0.754925516578568,0.8875,0.9749163879598662,2024,ohc,four,92,1bbl,2.92,3.41,9.2,76,6000.0,30,34,7295,12.76595744680851,14.468085106382977,low,False,True,True,False
35,0,106.0,honda,two,hatchback,fwd,front,96.5,0.8049014896684287,0.9055555555555556,0.8913043478260869,2236,ohc,four,110,1bbl,3.15,3.58,9.0,86,5800.0,27,33,7895,11.48936170212766,14.042553191489361,low,False,True,True,False
36,0,106.0,honda,two,hatchback,fwd,front,96.5,0.8049014896684287,0.9055555555555556,0.8913043478260869,2289,ohc,four,110,1bbl,3.15,3.58,9.0,86,5800.0,27,33,9095,11.48936170212766,14.042553191489361,low,False,True,True,False
37,0,85.0,honda,four,sedan,fwd,front,96.5,0.8428640076886112,0.9055555555555556,0.9046822742474917,2304,ohc,four,110,1bbl,3.15,3.58,9.0,86,5800.0,27,33,8845,11.48936170212766,14.042553191489361,low,False,True,True,False
38,0,85.0,honda,four,sedan,fwd,front,96.5,0.8428640076886112,0.8680555555555556,0.9046822742474917,2372,ohc,four,110,1bbl,3.15,3.58,9.0,86,5800.0,27,33,10295,11.48936170212766,14.042553191489361,low,False,True,True,False
39,0,85.0,honda,four,sedan,fwd,front,96.5,0.8428640076886112,0.9055555555555556,0.9046822742474917,2465,ohc,four,110,mpfi,3.15,3.58,9.0,101,5800.0,24,28,12945,10.212765957446807,11.914893617021276,low,False,True,True,False
40,1,107.0,honda,two,sedan,fwd,front,96.5,0.8125901009130225,0.9166666666666666,0.8528428093645485,2293,ohc,four,110,2bbl,3.15,3.58,9.1,100,5500.0,25,31,10345,10.638297872340425,13.191489361702127,low,False,True,True,False
41,0,122.0,isuzu,four,sedan,rwd,front,94.3,0.8202787121576165,0.8583333333333333,0.8946488294314382,2337,ohc,four,111,2bbl,3.31,3.23,8.5,78,4800.0,24,29,6785,10.212765957446807,12.340425531914892,low,False,True,True,False
42,2,122.0,isuzu,two,hatchback,rwd,front,96.0,0.8294089380105718,0.9055555555555556,0.8595317725752508,2734,ohc,four,119,spfi,3.43,3.23,9.2,90,5000.0,24,29,11048,10.212765957446807,12.340425531914892,low,False,True,True,False
43,0,145.0,jaguar,four,sedan,rwd,front,113.0,0.9591542527630946,0.9666666666666666,0.882943143812709,4066,dohc,six,258,mpfi,3.63,4.17,8.1,176,4750.0,15,19,32250,6.382978723404255,8.085106382978724,medium,False,True,True,False
44,0,122.0,jaguar,four,sedan,rwd,front,113.0,0.9591542527630946,0.9666666666666666,0.882943143812709,4066,dohc,six,258,mpfi,3.63,4.17,8.1,176,4750.0,15,19,35550,6.382978723404255,8.085106382978724,medium,False,True,True,False
45,0,122.0,jaguar,two,sedan,rwd,front,102.0,0.921191734742912,0.9805555555555555,0.7993311036789298,3950,ohcv,twelve,326,mpfi,3.54,2.76,11.5,262,5000.0,13,17,36000,5.531914893617021,7.234042553191489,high,False,True,True,False
46,1,104.0,mazda,two,hatchback,fwd,front,93.1,0.7645362806343105,0.8916666666666667,0.9046822742474917,1890,ohc,four,91,2bbl,3.03,3.15,9.0,68,5000.0,30,31,5195,12.76595744680851,13.191489361702127,low,False,True,True,False
47,1,104.0,mazda,two,hatchback,fwd,front,93.1,0.7645362806343105,0.8916666666666667,0.9046822742474917,1900,ohc,four,91,2bbl,3.03,3.15,9.0,68,5000.0,31,38,6095,13.191489361702127,16.170212765957448,low,False,True,True,False
48,1,104.0,mazda,two,hatchback,fwd,front,93.1,0.7645362806343105,0.8916666666666667,0.9046822742474917,1905,ohc,four,91,2bbl,3.03,3.15,9.0,68,5000.0,31,38,6795,13.191489361702127,16.170212765957448,low,False,True,True,False
49,1,113.0,mazda,four,sedan,fwd,front,93.1,0.8015377222489188,0.8916666666666667,0.9046822742474917,1945,ohc,four,91,2bbl,3.03,3.15,9.0,68,5000.0,31,38,6695,13.191489361702127,16.170212765957448,low,False,True,True,False
50,1,113.0,mazda,four,sedan,fwd,front,93.1,0.8015377222489188,0.8916666666666667,0.9046822742474917,1950,ohc,four,91,2bbl,3.08,3.15,9.0,68,5000.0,31,38,7395,13.191489361702127,16.170212765957448,low,False,True,True,False
51,3,150.0,mazda,two,hatchback,rwd,front,95.3,0.8121095627102355,0.9125000000000001,0.8294314381270904,2380,rotor,two,70,4bbl,3.3300000000000005,3.2598469387755107,9.4,101,6000.0,17,23,10945,7.234042553191489,9.787234042553191,low,False,True,True,False
52,3,150.0,mazda,two,hatchback,rwd,front,95.3,0.8121095627102355,0.9125000000000001,0.8294314381270904,2380,rotor,two,70,4bbl,3.3300000000000005,3.2598469387755107,9.4,101,6000.0,17,23,11845,7.234042553191489,9.787234042553191,low,False,True,True,False
53,3,150.0,mazda,two,hatchback,rwd,front,95.3,0.8121095627102355,0.9125000000000001,0.8294314381270904,2385,rotor,two,70,4bbl,3.3300000000000005,3.2598469387755107,9.4,101,6000.0,17,23,13645,7.234042553191489,9.787234042553191,low,False,True,True,False
54,3,150.0,mazda,two,hatchback,rwd,front,95.3,0.8121095627102355,0.9125000000000001,0.8294314381270904,2500,rotor,two,80,mpfi,3.3300000000000005,3.2598469387755107,9.4,135,6000.0,16,23,15645,6.808510638297872,9.787234042553191,medium,False,True,True,False
55,1,129.0,mazda,two,hatchback,fwd,front,98.8,0.8543969245555022,0.9236111111111112,0.8979933110367894,2385,ohc,four,122,2bbl,3.39,3.39,8.6,84,4800.0,26,32,8845,11.063829787234042,13.617021276595745,low,False,True,True,False
56,0,115.0,mazda,four,sedan,fwd,front,98.8,0.8543969245555022,0.9236111111111112,0.9280936454849499,2410,ohc,four,122,2bbl,3.39,3.39,8.6,84,4800.0,26,32,8495,11.063829787234042,13.617021276595745,low,False,True,True,False
57,1,129.0,mazda,two,hatchback,fwd,front,98.8,0.8543969245555022,0.9236111111111112,0.8979933110367894,2385,ohc,four,122,2bbl,3.39,3.39,8.6,84,4800.0,26,32,10595,11.063829787234042,13.617021276595745,low,False,True,True,False
58,0,115.0,mazda,four,sedan,fwd,front,98.8,0.8543969245555022,0.9236111111111112,0.9280936454849499,2410,ohc,four,122,2bbl,3.39,3.39,8.6,84,4800.0,26,32,10245,11.063829787234042,13.617021276595745,low,False,True,True,False
59,0,122.0,mazda,,sedan,fwd,front,98.8,0.8543969245555022,0.9236111111111112,0.9280936454849499,2443,ohc,four,122,idi,3.39,3.39,22.7,64,4650.0,36,42,10795,15.319148936170212,17.872340425531913,low,True,False,True,False
60,0,115.0,mazda,four,hatchback,fwd,front,98.8,0.8543969245555022,0.9236111111111112,0.9280936454849499,2425,ohc,four,122,2bbl,3.39,3.39,8.6,84,4800.0,26,32,11245,11.063829787234042,13.617021276595745,low,False,True,True,False
61,0,118.0,mazda,four,sedan,rwd,front,104.9,0.8409418548774628,0.9180555555555555,0.9096989966555185,2670,ohc,four,140,mpfi,3.76,3.16,8.0,120,5000.0,19,27,18280,8.085106382978724,11.48936170212766,medium,False,True,True,False
62,0,122.0,mazda,four,sedan,rwd,front,104.9,0.8409418548774628,0.9180555555555555,0.9096989966555185,2700,ohc,four,134,idi,3.43,3.64,22.0,72,4200.0,31,39,18344,13.191489361702127,16.595744680851062,low,True,False,True,False
63,-1,93.0,mercedes-benz,four,sedan,rwd,front,110.0,0.9173474291206152,0.9763888888888889,0.9448160535117057,3515,ohc,five,183,idi,3.58,3.64,21.5,123,4350.0,22,25,25552,9.361702127659575,10.638297872340425,medium,True,False,False,True
64,-1,93.0,mercedes-benz,four,wagon,rwd,front,110.0,0.9173474291206152,0.9763888888888889,0.9816053511705687,3750,ohc,five,183,idi,3.58,3.64,21.5,123,4350.0,22,25,28248,9.361702127659575,10.638297872340425,medium,True,False,False,True
65,0,93.0,mercedes-benz,two,hardtop,rwd,front,106.7,0.9010091302258529,0.9763888888888889,0.9180602006688964,3495,ohc,five,183,idi,3.58,3.64,21.5,123,4350.0,22,25,28176,9.361702127659575,10.638297872340425,medium,True,False,False,True
66,-1,93.0,mercedes-benz,four,sedan,rwd,front,115.6,0.9735703988467083,0.9958333333333333,0.9414715719063546,3770,ohc,five,183,idi,3.58,3.64,21.5,123,4350.0,22,25,31600,9.361702127659575,10.638297872340425,medium,True,False,False,True
67,-1,122.0,mercedes-benz,four,sedan,rwd,front,115.6,0.9735703988467083,0.9958333333333333,0.9448160535117057,3740,ohcv,eight,234,mpfi,3.46,3.1,8.3,155,4750.0,16,18,34184,6.808510638297872,7.659574468085106,medium,False,True,True,False
68,3,142.0,mercedes-benz,two,convertible,rwd,front,96.6,0.8664103796251803,0.9791666666666666,0.8494983277591973,3685,ohcv,eight,234,mpfi,3.46,3.1,8.3,155,4750.0,16,18,35056,6.808510638297872,7.659574468085106,medium,False,True,True,False
69,0,122.0,mercedes-benz,four,sedan,rwd,front,120.9,1.0,0.9958333333333333,0.948160535117057,3900,ohcv,eight,308,mpfi,3.8,3.35,8.0,184,4500.0,14,16,40960,5.957446808510638,6.808510638297872,medium,False,True,True,False
70,1,122.0,mercedes-benz,two,hardtop,rwd,front,112.0,1.0,1.0,0.9264214046822743,3715,ohcv,eight,304,mpfi,3.8,3.35,8.0,184,4500.0,14,16,45400,5.957446808510638,6.808510638297872,medium,False,True,True,False
71,1,122.0,mercury,two,hatchback,rwd,front,102.7,0.8969331322272499,0.9869375907111755,0.9163879598662207,2910,ohc,four,140,mpfi,3.78,3.12,8.0,175,5000.0,19,24,16503,8.085106382978724,10.212765957446807,medium,False,True,False,True
72,2,161.0,mitsubishi,two,hatchback,fwd,front,93.7,0.7908496732026145,0.9346879535558781,0.8494983277591973,1918,ohc,four,92,2bbl,2.97,3.23,9.4,68,5500.0,37,41,5389,15.74468085106383,17.4468085106383,low,False,True,True,False
73,2,161.0,mitsubishi,two,hatchback,fwd,front,93.7,0.7908496732026145,0.9346879535558781,0.8494983277591973,1944,ohc,four,92,2bbl,2.97,3.23,9.4,68,5500.0,31,38,6189,13.191489361702127,16.170212765957448,low,False,True,True,False
74,2,161.0,mitsubishi,two,hatchback,fwd,front,93.7,0.7908496732026145,0.9346879535558781,0.8494983277591973,2004,ohc,four,92,2bbl,2.97,3.23,9.4,68,5500.0,31,38,6669,13.191489361702127,16.170212765957448,low,False,True,True,False
75,1,161.0,mitsubishi,two,hatchback,fwd,front,93.0,0.7908496732026145,0.9259796806966617,0.8494983277591973,2145,ohc,four,98,spdi,3.03,3.39,7.6,102,5500.0,24,30,7689,10.212765957446807,12.76595744680851,low,False,True,False,True
76,3,153.0,mitsubishi,two,hatchback,fwd,front,96.3,0.8697838109602816,0.9492017416545718,0.8260869565217391,2370,ohc,four,110,spdi,3.17,3.46,7.5,116,5500.0,23,30,9959,9.787234042553191,12.76595744680851,low,False,True,False,True
77,3,153.0,mitsubishi,two,hatchback,fwd,front,96.3,0.8697838109602816,0.9492017416545718,0.8260869565217391,2328,ohc,four,122,2bbl,3.35,3.46,8.5,88,5000.0,25,32,8499,10.638297872340425,13.617021276595745,low,False,True,True,False
78,3,122.0,mitsubishi,two,hatchback,fwd,front,95.9,0.8707893413775766,0.9622641509433961,0.8394648829431439,2833,ohc,four,156,spdi,3.58,3.86,7.0,145,5000.0,19,24,12629,8.085106382978724,10.212765957446807,medium,False,True,False,True
79,3,122.0,mitsubishi,two,hatchback,fwd,front,95.9,0.8707893413775766,0.9622641509433961,0.8394648829431439,2921,ohc,four,156,spdi,3.59,3.86,7.0,145,5000.0,19,24,14869,8.085106382978724,10.212765957446807,medium,False,True,False,True
80,3,122.0,mitsubishi,two,hatchback,fwd,front,95.9,0.8707893413775766,0.9622641509433961,0.8394648829431439,2926,ohc,four,156,spdi,3.59,3.86,7.0,145,5000.0,19,24,14489,8.085106382978724,10.212765957446807,medium,False,True,False,True
81,1,125.0,mitsubishi,four,sedan,fwd,front,96.3,0.8667672197083962,0.9492017416545718,0.8628762541806021,2365,ohc,four,122,2bbl,3.35,3.46,8.5,88,5000.0,25,32,6989,10.638297872340425,13.617021276595745,low,False,True,True,False
82,1,125.0,mitsubishi,four,sedan,fwd,front,96.3,0.8667672197083962,0.9492017416545718,0.8628762541806021,2405,ohc,four,122,2bbl,3.35,3.46,8.5,88,5000.0,25,32,8189,10.638297872340425,13.617021276595745,low,False,True,True,False
83,1,125.0,mitsubishi,four,sedan,fwd,front,96.3,0.8667672197083962,0.9492017416545718,0.8628762541806021,2403,ohc,four,110,spdi,3.17,3.46,7.5,116,5500.0,23,30,9279,9.787234042553191,12.76595744680851,low,False,True,False,True
84,-1,137.0,mitsubishi,four,sedan,fwd,front,96.3,0.8667672197083962,0.9492017416545718,0.8628762541806021,2403,ohc,four,110,spdi,3.17,3.46,7.5,116,5500.0,23,30,9279,9.787234042553191,12.76595744680851,low,False,True,True,False
85,1,128.0,nissan,two,sedan,fwd,front,94.5,0.8310708898944194,0.9259796806966617,0.911371237458194,1889,ohc,four,97,2bbl,3.15,3.29,9.4,69,5200.0,31,37,5499,13.191489361702127,15.74468085106383,low,False,True,True,False
86,1,128.0,nissan,two,sedan,fwd,front,94.5,0.8310708898944194,0.9259796806966617,0.911371237458194,2017,ohc,four,103,idi,2.99,3.47,21.9,55,4800.0,45,50,7099,19.148936170212764,21.27659574468085,low,True,False,True,False
87,1,128.0,nissan,two,sedan,fwd,front,94.5,0.8310708898944194,0.9259796806966617,0.911371237458194,1918,ohc,four,97,2bbl,3.15,3.29,9.4,69,5200.0,31,37,6649,13.191489361702127,15.74468085106383,low,False,True,True,False
88,1,122.0,nissan,four,sedan,fwd,front,94.5,0.8310708898944194,0.9259796806966617,0.911371237458194,1938,ohc,four,97,2bbl,3.15,3.29,9.4,69,5200.0,31,37,6849,13.191489361702127,15.74468085106383,low,False,True,True,False
89,1,103.0,nissan,four,wagon,fwd,front,94.5,0.8557063851181498,0.9259796806966617,0.8946488294314382,2024,ohc,four,97,2bbl,3.15,3.29,9.4,69,5200.0,31,37,7349,13.191489361702127,15.74468085106383,low,False,True,True,False
90,1,128.0,nissan,two,sedan,fwd,front,94.5,0.8310708898944194,0.9259796806966617,0.911371237458194,1951,ohc,four,97,2bbl,3.15,3.29,9.4,69,5200.0,31,37,7299,13.191489361702127,15.74468085106383,low,False,True,True,False
91,1,128.0,nissan,two,hatchback,fwd,front,94.5,0.8325791855203619,0.9259796806966617,0.8913043478260869,2028,ohc,four,97,2bbl,3.15,3.29,9.4,69,5200.0,31,37,7799,13.191489361702127,15.74468085106383,low,False,True,True,False
92,1,122.0,nissan,four,sedan,fwd,front,94.5,0.8310708898944194,0.9259796806966617,0.911371237458194,1971,ohc,four,97,2bbl,3.15,3.29,9.4,69,5200.0,31,37,7499,13.191489361702127,15.74468085106383,low,False,True,True,False
93,1,103.0,nissan,four,wagon,fwd,front,94.5,0.8557063851181498,0.9259796806966617,0.8946488294314382,2037,ohc,four,97,2bbl,3.15,3.29,9.4,69,5200.0,31,37,7999,13.191489361702127,15.74468085106383,low,False,True,True,False
94,2,168.0,nissan,two,hardtop,fwd,front,95.1,0.81649069884364,0.9259796806966617,0.8913043478260869,2008,ohc,four,97,2bbl,3.15,3.29,9.4,69,5200.0,31,37,8249,13.191489361702127,15.74468085106383,low,False,True,True,False
95,0,106.0,nissan,four,hatchback,fwd,front,97.2,0.8717948717948718,0.946298984034833,0.9147157190635452,2324,ohc,four,120,2bbl,3.33,3.47,8.5,97,5200.0,27,34,8949,11.48936170212766,14.468085106382977,low,False,True,True,False
96,0,106.0,nissan,four,sedan,fwd,front,97.2,0.8717948717948718,0.946298984034833,0.9147157190635452,2302,ohc,four,120,2bbl,3.33,3.47,8.5,97,5200.0,27,34,9549,11.48936170212766,14.468085106382977,low,False,True,True,False
97,0,128.0,nissan,four,sedan,fwd,front,100.4,0.9135243841126193,0.9651669085631349,0.9214046822742475,3095,ohcv,six,181,mpfi,3.43,3.27,9.0,152,5200.0,17,22,13499,7.234042553191489,9.361702127659575,medium,False,True,True,False
98,0,108.0,nissan,four,wagon,fwd,front,100.4,0.9281045751633986,0.9651669085631349,0.9381270903010034,3296,ohcv,six,181,mpfi,3.43,3.27,9.0,152,5200.0,17,22,14399,7.234042553191489,9.361702127659575,medium,False,True,True,False
99,0,108.0,nissan,four,sedan,fwd,front,100.4,0.9281045751633986,0.9651669085631349,0.9214046822742475,3060,ohcv,six,181,mpfi,3.43,3.27,9.0,152,5200.0,19,25,13499,8.085106382978724,10.638297872340425,medium,False,True,True,False
100,3,194.0,nissan,two,hatchback,rwd,front,91.3,0.8582202111613876,0.9854862119013063,0.831103678929766,3071,ohcv,six,181,mpfi,3.43,3.27,9.0,160,5200.0,19,25,17199,8.085106382978724,10.638297872340425,medium,False,True,True,False
101,3,194.0,nissan,two,hatchback,rwd,front,91.3,0.8582202111613876,0.9854862119013063,0.831103678929766,3139,ohcv,six,181,mpfi,3.43,3.27,7.8,200,5200.0,17,23,19699,7.234042553191489,9.787234042553191,high,False,True,False,True
102,1,231.0,nissan,two,hatchback,rwd,front,99.2,0.8974358974358974,0.9854862119013063,0.831103678929766,3139,ohcv,six,181,mpfi,3.43,3.27,9.0,160,5200.0,19,25,18399,8.085106382978724,10.638297872340425,medium,False,True,True,False
103,0,161.0,peugot,four,sedan,rwd,front,107.9,0.9386626445449974,0.9927431059506531,0.948160535117057,3020,l,four,120,mpfi,3.46,3.19,8.4,97,5000.0,19,24,11900,8.085106382978724,10.212765957446807,low,False,True,True,False
104,0,161.0,peugot,four,sedan,rwd,front,107.9,0.9386626445449974,0.9927431059506531,0.948160535117057,3197,l,four,152,idi,3.7,3.52,21.0,95,4150.0,28,33,13200,11.914893617021276,14.042553191489361,low,True,False,False,True
105,0,122.0,peugot,four,wagon,rwd,front,114.2,1.0,0.9927431059506531,0.9816053511705687,3230,l,four,120,mpfi,3.46,3.19,8.4,97,5000.0,19,24,12440,8.085106382978724,10.212765957446807,low,False,True,True,False
106,0,122.0,peugot,four,wagon,rwd,front,114.2,1.0,0.9927431059506531,0.9816053511705687,3430,l,four,152,idi,3.7,3.52,21.0,95,4150.0,25,25,13860,10.638297872340425,10.638297872340425,low,True,False,False,True
107,0,161.0,peugot,four,sedan,rwd,front,107.9,0.9386626445449974,0.9927431059506531,0.948160535117057,3075,l,four,120,mpfi,3.46,2.19,8.4,95,5000.0,19,24,15580,8.085106382978724,10.212765957446807,low,False,True,True,False
108,0,161.0,peugot,four,sedan,rwd,front,107.9,0.9386626445449974,0.9927431059506531,0.948160535117057,3252,l,four,152,idi,3.7,3.52,21.0,95,4150.0,28,33,16900,11.914893617021276,14.042553191489361,low,True,False,False,True
109,0,122.0,peugot,four,wagon,rwd,front,114.2,1.0,0.9927431059506531,0.948160535117057,3285,l,four,120,mpfi,3.46,2.19,8.4,95,5000.0,19,24,16695,8.085106382978724,10.212765957446807,low,False,True,True,False
110,0,122.0,peugot,four,wagon,rwd,front,114.2,1.0,0.9927431059506531,0.9816053511705687,3485,l,four,152,idi,3.7,3.52,21.0,95,4150.0,25,25,17075,10.638297872340425,10.638297872340425,low,True,False,False,True
111,0,161.0,peugot,four,sedan,rwd,front,107.9,0.9888771186440677,0.9927431059506531,0.948160535117057,3075,l,four,120,mpfi,3.46,3.19,8.4,97,5000.0,19,24,16630,8.085106382978724,10.212765957446807,low,False,True,True,False
112,0,161.0,peugot,four,sedan,rwd,front,107.9,0.9888771186440677,0.9927431059506531,0.948160535117057,3252,l,four,152,idi,3.7,3.52,21.0,95,4150.0,28,33,17950,11.914893617021276,14.042553191489361,low,True,False,False,True
113,0,161.0,peugot,four,sedan,rwd,front,108.0,0.9888771186440677,0.9912917271407836,0.9364548494983278,3130,l,four,134,mpfi,3.61,3.21,7.0,142,5600.0,18,24,18150,7.659574468085106,10.212765957446807,medium,False,True,False,True
114,1,119.0,plymouth,two,hatchback,fwd,front,93.7,0.833156779661017,0.9259796806966617,0.8494983277591973,1918,ohc,four,90,2bbl,2.97,3.23,9.4,68,5500.0,37,41,5572,15.74468085106383,17.4468085106383,low,False,True,True,False
115,1,119.0,plymouth,two,hatchback,fwd,front,93.7,0.833156779661017,0.9259796806966617,0.8494983277591973,2128,ohc,four,98,spdi,3.03,3.39,7.6,102,5500.0,24,30,7957,10.212765957446807,12.76595744680851,low,False,True,False,True
116,1,154.0,plymouth,four,hatchback,fwd,front,93.7,0.833156779661017,0.9259796806966617,0.8461538461538463,1967,ohc,four,90,2bbl,2.97,3.23,9.4,68,5500.0,31,38,6229,13.191489361702127,16.170212765957448,low,False,True,True,False
117,1,154.0,plymouth,four,sedan,fwd,front,93.7,0.8861228813559322,0.9259796806966617,0.8494983277591973,1989,ohc,four,90,2bbl,2.97,3.23,9.4,68,5500.0,31,38,6692,13.191489361702127,16.170212765957448,low,False,True,True,False
118,1,154.0,plymouth,four,sedan,fwd,front,93.7,0.8861228813559322,0.9259796806966617,0.8494983277591973,2191,ohc,four,98,2bbl,2.97,3.23,9.4,68,5500.0,31,38,7609,13.191489361702127,16.170212765957448,low,False,True,True,False
119,-1,74.0,plymouth,four,wagon,fwd,front,103.3,0.9247881355932203,0.9375907111756167,1.0,2535,ohc,four,122,2bbl,3.35,3.46,8.5,88,5000.0,24,30,8921,10.212765957446807,12.76595744680851,low,False,True,True,False
120,3,122.0,plymouth,two,hatchback,rwd,front,95.9,0.9173728813559321,0.9622641509433961,0.8494077834179358,2818,ohc,four,156,spdi,3.59,3.86,7.0,145,5000.0,19,24,12764,8.085106382978724,10.212765957446807,medium,False,True,False,True
121,3,186.0,porsche,two,hatchback,rwd,front,94.5,0.8945974576271186,0.9912917271407836,0.8494077834179358,2778,ohc,four,151,mpfi,3.94,3.11,9.5,143,5500.0,19,27,22018,8.085106382978724,11.48936170212766,medium,False,True,True,False
122,3,122.0,porsche,two,hardtop,rwd,rear,89.5,0.8945974576271186,0.9433962264150942,0.8730964467005076,2756,ohcf,six,194,mpfi,3.74,2.9,9.5,207,5900.0,17,25,32528,7.234042553191489,10.638297872340425,high,False,True,True,False
123,3,122.0,porsche,two,hardtop,rwd,rear,89.5,0.8945974576271186,0.9433962264150942,0.8730964467005076,2756,ohcf,six,194,mpfi,3.74,2.9,9.5,207,5900.0,17,25,34028,7.234042553191489,10.638297872340425,high,False,True,True,False
124,3,122.0,porsche,two,convertible,rwd,rear,89.5,0.8945974576271186,0.9433962264150942,0.8730964467005076,2800,ohcf,six,194,mpfi,3.74,2.9,9.5,207,5900.0,17,25,37028,7.234042553191489,10.638297872340425,high,False,True,True,False
125,0,122.0,renault,four,wagon,fwd,front,96.1,0.9613347457627118,0.9651669085631349,0.934010152284264,2579,ohc,four,132,mpfi,3.46,3.9,8.7,103,5118.181818181818,23,31,9295,9.787234042553191,13.191489361702127,low,False,True,True,False
126,2,122.0,renault,two,hatchback,fwd,front,96.1,0.9364406779661018,0.9666182873730041,0.8544839255499154,2460,ohc,four,132,mpfi,3.46,3.9,8.7,103,5118.181818181818,23,31,9895,9.787234042553191,13.191489361702127,low,False,True,True,False
127,3,150.0,saab,two,hatchback,fwd,front,99.1,0.9883474576271185,0.9651669085631349,0.949238578680203,2658,ohc,four,121,mpfi,3.54,3.07,9.31,110,5250.0,21,28,11850,8.936170212765957,11.914893617021276,low,False,True,True,False
128,2,104.0,saab,four,sedan,fwd,front,99.1,0.9883474576271185,0.9651669085631349,0.949238578680203,2695,ohc,four,121,mpfi,3.54,3.07,9.3,110,5250.0,21,28,12170,8.936170212765957,11.914893617021276,low,False,True,True,False
129,3,150.0,saab,two,hatchback,fwd,front,99.1,0.9883474576271185,0.9651669085631349,0.949238578680203,2707,ohc,four,121,mpfi,2.54,2.07,9.3,110,5250.0,21,28,15040,8.936170212765957,11.914893617021276,low,False,True,True,False
130,2,104.0,saab,four,sedan,fwd,front,99.1,0.9883474576271185,0.9651669085631349,0.949238578680203,2758,ohc,four,121,mpfi,3.54,3.07,9.3,110,5250.0,21,28,15510,8.936170212765957,11.914893617021276,low,False,True,True,False
131,3,150.0,saab,two,hatchback,fwd,front,99.1,0.9883474576271185,0.9651669085631349,0.949238578680203,2808,dohc,four,121,mpfi,3.54,3.07,9.0,160,5500.0,19,26,18150,8.085106382978724,11.063829787234042,medium,False,True,False,True
132,2,104.0,saab,four,sedan,fwd,front,99.1,0.9883474576271185,0.9651669085631349,0.949238578680203,2847,dohc,four,121,mpfi,3.54,3.07,9.0,160,5500.0,19,26,18620,8.085106382978724,11.063829787234042,medium,False,True,False,True
133,2,83.0,subaru,two,hatchback,fwd,front,93.7,0.8310381355932204,0.9201741654571842,0.9086294416243655,2050,ohcf,four,97,2bbl,3.62,2.36,9.0,69,4900.0,31,36,5118,13.191489361702127,15.319148936170212,low,False,True,True,False
134,2,83.0,subaru,two,hatchback,fwd,front,93.7,0.8363347457627118,0.923076923076923,0.9086294416243655,2120,ohcf,four,108,2bbl,3.62,2.64,8.7,73,4400.0,26,31,7053,11.063829787234042,13.191489361702127,low,False,True,True,False
135,2,83.0,subaru,two,hatchback,4wd,front,93.3,0.833156779661017,0.9259796806966617,0.9424703891708968,2240,ohcf,four,108,2bbl,3.62,2.64,8.7,73,4400.0,26,31,7603,11.063829787234042,13.191489361702127,low,False,True,True,False
136,0,102.0,subaru,four,sedan,fwd,front,97.2,0.9110169491525423,0.9492017416545718,0.8883248730964467,2145,ohcf,four,108,2bbl,3.62,2.64,9.5,82,4800.0,32,37,7126,13.617021276595745,15.74468085106383,low,False,True,True,False
137,0,102.0,subaru,four,sedan,fwd,front,97.2,0.9110169491525423,0.9492017416545718,0.8883248730964467,2190,ohcf,four,108,2bbl,3.62,2.64,9.5,82,4400.0,28,33,7775,11.914893617021276,14.042553191489361,low,False,True,True,False
138,0,102.0,subaru,four,sedan,fwd,front,97.2,0.9110169491525423,0.9492017416545718,0.8883248730964467,2340,ohcf,four,108,mpfi,3.62,2.64,9.0,94,5200.0,26,32,9960,11.063829787234042,13.617021276595745,low,False,True,True,False
139,0,102.0,subaru,four,sedan,4wd,front,97.0,0.9110169491525423,0.9492017416545718,0.9187817258883249,2385,ohcf,four,108,2bbl,3.62,2.64,9.0,82,4800.0,24,25,9233,10.212765957446807,10.638297872340425,low,False,True,True,False
140,0,102.0,subaru,four,sedan,4wd,front,97.0,0.9110169491525423,0.9492017416545718,0.9187817258883249,2510,ohcf,four,108,mpfi,3.62,2.64,7.7,111,4800.0,24,29,11259,10.212765957446807,12.340425531914892,low,False,True,False,True
141,0,89.0,subaru,four,wagon,fwd,front,97.0,0.9189618644067796,0.9492017416545718,0.8967851099830795,2290,ohcf,four,108,2bbl,3.62,2.64,9.0,82,4800.0,28,32,7463,11.914893617021276,13.617021276595745,low,False,True,True,False
142,0,89.0,subaru,four,wagon,fwd,front,97.0,0.9189618644067796,0.9492017416545718,0.8967851099830795,2455,ohcf,four,108,mpfi,3.62,2.64,9.0,94,5200.0,25,31,10198,10.638297872340425,13.191489361702127,low,False,True,True,False
143,0,85.0,subaru,four,wagon,4wd,front,96.9,0.9194915254237287,0.9492017416545718,0.9289340101522843,2420,ohcf,four,108,2bbl,3.62,2.64,9.0,82,4800.0,23,29,8013,9.787234042553191,12.340425531914892,low,False,True,True,False
144,0,85.0,subaru,four,wagon,4wd,front,96.9,0.9194915254237287,0.9492017416545718,0.9289340101522843,2650,ohcf,four,108,mpfi,3.62,2.64,7.7,111,4800.0,23,23,11694,9.787234042553191,9.787234042553191,low,False,True,False,True
145,1,87.0,toyota,two,hatchback,fwd,front,95.7,0.8405720338983049,0.923076923076923,0.922165820642978,1985,ohc,four,92,2bbl,3.05,3.03,9.0,62,4800.0,35,39,5348,14.893617021276595,16.595744680851062,low,False,True,True,False
146,1,87.0,toyota,two,hatchback,fwd,front,95.7,0.8405720338983049,0.923076923076923,0.922165820642978,2040,ohc,four,92,2bbl,3.05,3.03,9.0,62,4800.0,31,38,6338,13.191489361702127,16.170212765957448,low,False,True,True,False
147,1,74.0,toyota,four,hatchback,fwd,front,95.7,0.8405720338983049,0.923076923076923,0.922165820642978,2015,ohc,four,92,2bbl,3.05,3.03,9.0,62,4800.0,31,38,6488,13.191489361702127,16.170212765957448,low,False,True,True,False
148,0,77.0,toyota,four,wagon,fwd,front,95.7,0.8988347457627117,0.923076923076923,1.0,2280,ohc,four,92,2bbl,3.05,3.03,9.0,62,4800.0,31,37,6918,13.191489361702127,15.74468085106383,low,False,True,True,False
149,0,81.0,toyota,four,wagon,4wd,front,95.7,0.8988347457627117,0.923076923076923,1.0,2290,ohc,four,92,2bbl,3.05,3.03,9.0,62,4800.0,27,32,7898,11.48936170212766,13.617021276595745,low,False,True,True,False
150,0,91.0,toyota,four,wagon,4wd,front,95.7,0.8988347457627117,0.923076923076923,1.0,3110,ohc,four,92,2bbl,3.05,3.03,9.0,62,4800.0,27,32,8778,11.48936170212766,13.617021276595745,low,False,True,True,False
151,0,91.0,toyota,four,sedan,fwd,front,95.7,0.8808262711864406,0.9346879535558781,0.9217391304347826,2081,ohc,four,98,2bbl,3.19,3.03,9.0,70,4800.0,30,37,6938,12.76595744680851,15.74468085106383,low,False,True,True,False
152,0,91.0,toyota,four,hatchback,fwd,front,95.7,0.8808262711864406,0.9346879535558781,0.9182608695652174,2109,ohc,four,98,2bbl,3.19,3.03,9.0,70,4800.0,30,37,7198,12.76595744680851,15.74468085106383,low,False,True,True,False
153,0,91.0,toyota,four,sedan,fwd,front,95.7,0.8808262711864406,0.9346879535558781,0.9217391304347826,2275,ohc,four,110,idi,3.27,3.35,22.5,56,4500.0,34,36,7898,14.468085106382977,15.319148936170212,low,True,False,True,False
154,0,91.0,toyota,four,hatchback,fwd,front,95.7,0.8808262711864406,0.9346879535558781,0.9182608695652174,2275,ohc,four,110,idi,3.27,3.35,22.5,56,4500.0,38,47,7788,16.170212765957448,20.0,low,True,False,True,False
155,0,91.0,toyota,four,sedan,fwd,front,95.7,0.8808262711864406,0.9346879535558781,0.9217391304347826,2094,ohc,four,98,2bbl,3.19,3.03,9.0,70,4800.0,38,47,7738,16.170212765957448,20.0,low,False,True,True,False
156,0,91.0,toyota,four,hatchback,fwd,front,95.7,0.8808262711864406,0.9346879535558781,0.9182608695652174,2122,ohc,four,98,2bbl,3.19,3.03,9.0,70,4800.0,28,34,8358,11.914893617021276,14.468085106382977,low,False,True,True,False
157,0,91.0,toyota,four,sedan,fwd,front,95.7,0.8808262711864406,0.9346879535558781,0.9182608695652174,2140,ohc,four,98,2bbl,3.19,3.03,9.0,70,4800.0,28,34,9258,11.914893617021276,14.468085106382977,low,False,True,True,False
158,1,168.0,toyota,two,sedan,rwd,front,94.5,0.8935381355932203,0.9288824383164005,0.9147826086956522,2169,ohc,four,98,2bbl,3.19,3.03,9.0,70,4800.0,29,34,8058,12.340425531914892,14.468085106382977,low,False,True,True,False
159,1,168.0,toyota,two,hatchback,rwd,front,94.5,0.8935381355932203,0.9288824383164005,0.9147826086956522,2204,ohc,four,98,2bbl,3.19,3.03,9.0,70,4800.0,29,34,8238,12.340425531914892,14.468085106382977,low,False,True,True,False
160,1,168.0,toyota,two,sedan,rwd,front,94.5,0.8935381355932203,0.9288824383164005,0.9147826086956522,2265,dohc,four,98,mpfi,3.24,3.08,9.4,112,6600.0,26,29,9298,11.063829787234042,12.340425531914892,low,False,True,True,False
161,1,168.0,toyota,two,hatchback,rwd,front,94.5,0.8935381355932203,0.9288824383164005,0.9147826086956522,2300,dohc,four,98,mpfi,3.24,3.08,9.4,112,6600.0,26,29,9538,11.063829787234042,12.340425531914892,low,False,True,True,False
162,2,134.0,toyota,two,hardtop,rwd,front,98.4,0.9332627118644067,0.9521044992743104,0.9043478260869565,2540,ohc,four,146,mpfi,3.62,3.5,9.3,116,4800.0,24,30,8449,10.212765957446807,12.76595744680851,low,False,True,True,False
163,2,134.0,toyota,two,hardtop,rwd,front,98.4,0.9332627118644067,0.9521044992743104,0.9043478260869565,2536,ohc,four,146,mpfi,3.62,3.5,9.3,116,4800.0,24,30,9639,10.212765957446807,12.76595744680851,low,False,True,True,False
164,2,134.0,toyota,two,hatchback,rwd,front,98.4,0.9332627118644067,0.9521044992743104,0.9043478260869565,2551,ohc,four,146,mpfi,3.62,3.5,9.3,116,4800.0,24,30,9989,10.212765957446807,12.76595744680851,low,False,True,True,False
165,2,134.0,toyota,two,hardtop,rwd,front,98.4,0.9332627118644067,0.9521044992743104,0.9043478260869565,2679,ohc,four,146,mpfi,3.62,3.5,9.3,116,4800.0,24,30,11199,10.212765957446807,12.76595744680851,low,False,True,True,False
166,2,134.0,toyota,two,hatchback,rwd,front,98.4,0.9332627118644067,0.9521044992743104,0.9043478260869565,2714,ohc,four,146,mpfi,3.62,3.5,9.3,116,4800.0,24,30,11549,10.212765957446807,12.76595744680851,low,False,True,True,False
167,2,134.0,toyota,two,convertible,rwd,front,98.4,0.9332627118644067,0.9521044992743104,0.9217391304347826,2975,ohc,four,146,mpfi,3.62,3.5,9.3,116,4800.0,24,30,17669,10.212765957446807,12.76595744680851,low,False,True,True,False
168,-1,65.0,toyota,four,sedan,fwd,front,102.4,0.9300847457627118,0.9651669085631349,0.9547826086956521,2326,ohc,four,122,mpfi,3.31,3.54,8.7,92,4200.0,29,34,8948,12.340425531914892,14.468085106382977,low,False,True,True,False
169,-1,65.0,toyota,four,sedan,fwd,front,102.4,0.9300847457627118,0.9651669085631349,0.9547826086956521,2480,ohc,four,110,idi,3.27,3.35,22.5,73,4500.0,30,33,10698,12.76595744680851,14.042553191489361,low,True,False,False,True
170,-1,65.0,toyota,four,hatchback,fwd,front,102.4,0.9300847457627118,0.9651669085631349,0.937391304347826,2414,ohc,four,122,mpfi,3.31,3.54,8.7,92,4200.0,27,32,9988,11.48936170212766,13.617021276595745,low,False,True,True,False
171,-1,65.0,toyota,four,sedan,fwd,front,102.4,0.9300847457627118,0.9651669085631349,0.9547826086956521,2414,ohc,four,122,mpfi,3.31,3.54,8.7,92,4200.0,27,32,10898,11.48936170212766,13.617021276595745,low,False,True,True,False
172,-1,65.0,toyota,four,hatchback,fwd,front,102.4,0.9300847457627118,0.9651669085631349,0.937391304347826,2458,ohc,four,122,mpfi,3.31,3.54,8.7,92,4200.0,27,32,11248,11.48936170212766,13.617021276595745,low,False,True,True,False
173,3,197.0,toyota,two,hatchback,rwd,front,102.9,0.9719279661016949,0.9825834542815675,0.9043478260869565,2976,dohc,six,171,mpfi,3.27,3.35,9.3,161,5200.0,20,24,16558,8.51063829787234,10.212765957446807,medium,False,True,True,False
174,3,197.0,toyota,two,hatchback,rwd,front,102.9,0.9719279661016949,0.9825834542815675,0.9043478260869565,3016,dohc,six,171,mpfi,3.27,3.35,9.3,161,5200.0,19,24,15998,8.085106382978724,10.212765957446807,medium,False,True,True,False
175,-1,90.0,toyota,four,sedan,rwd,front,104.5,0.9947033898305084,0.9651669085631349,0.9408695652173913,3131,dohc,six,171,mpfi,3.27,3.35,9.2,156,5200.0,20,24,15690,8.51063829787234,10.212765957446807,medium,False,True,True,False
176,-1,122.0,toyota,four,wagon,rwd,front,104.5,0.9947033898305084,0.9651669085631349,0.9408695652173913,3151,dohc,six,161,mpfi,3.27,3.35,9.2,156,5200.0,19,24,15750,8.085106382978724,10.212765957446807,medium,False,True,True,False
177,2,122.0,volkswagen,two,sedan,fwd,front,97.3,0.9094279661016949,0.9506531204644412,0.9686956521739131,2261,ohc,four,97,idi,3.01,3.4,23.0,52,4800.0,37,46,7775,15.74468085106383,19.574468085106382,low,True,False,True,False
178,2,122.0,volkswagen,two,sedan,fwd,front,97.3,0.9094279661016949,0.9506531204644412,0.9686956521739131,2209,ohc,four,109,mpfi,3.19,3.4,9.0,85,5250.0,27,34,7975,11.48936170212766,14.468085106382977,low,False,True,True,False
179,2,94.0,volkswagen,four,sedan,fwd,front,97.3,0.9094279661016949,0.9506531204644412,0.9686956521739131,2264,ohc,four,97,idi,3.01,3.4,23.0,52,4800.0,37,46,7995,15.74468085106383,19.574468085106382,low,True,False,True,False
180,2,94.0,volkswagen,four,sedan,fwd,front,97.3,0.9094279661016949,0.9506531204644412,0.9686956521739131,2212,ohc,four,109,mpfi,3.19,3.4,9.0,85,5250.0,27,34,8195,11.48936170212766,14.468085106382977,low,False,True,True,False
181,2,94.0,volkswagen,four,sedan,fwd,front,97.3,0.9094279661016949,0.9506531204644412,0.9686956521739131,2275,ohc,four,109,mpfi,3.19,3.4,9.0,85,5250.0,27,34,8495,11.48936170212766,14.468085106382977,low,False,True,True,False
182,2,94.0,volkswagen,four,sedan,fwd,front,97.3,0.9094279661016949,0.9506531204644412,0.9686956521739131,2319,ohc,four,97,idi,3.01,3.4,23.0,68,4500.0,37,42,9495,15.74468085106383,17.872340425531913,low,True,False,False,True
183,2,94.0,volkswagen,four,sedan,fwd,front,97.3,0.9094279661016949,0.9506531204644412,0.9686956521739131,2300,ohc,four,109,mpfi,3.19,3.4,10.0,100,5500.0,26,32,9995,11.063829787234042,13.617021276595745,low,False,True,True,False
184,3,122.0,volkswagen,two,convertible,fwd,front,94.5,0.84375,0.9317851959361393,0.9669565217391305,2254,ohc,four,109,mpfi,3.19,3.4,8.5,90,5500.0,24,29,11595,10.212765957446807,12.340425531914892,low,False,True,True,False
185,3,256.0,volkswagen,two,hatchback,fwd,front,94.5,0.8776483050847457,0.9288824383164005,0.8939130434782608,2221,ohc,four,109,mpfi,3.19,3.4,8.5,90,5500.0,24,29,9980,10.212765957446807,12.340425531914892,low,False,True,True,False
186,0,122.0,volkswagen,four,sedan,fwd,front,100.4,0.9544491525423727,0.9709724238026125,0.9582608695652174,2661,ohc,five,136,mpfi,3.19,3.4,8.5,110,5500.0,19,24,13295,8.085106382978724,10.212765957446807,low,False,True,True,False
187,0,122.0,volkswagen,four,sedan,fwd,front,100.4,0.9544491525423727,0.9709724238026125,0.9582608695652174,2579,ohc,four,97,idi,3.01,3.4,23.0,68,4500.0,33,38,13845,14.042553191489361,16.170212765957448,low,True,False,False,True
188,0,122.0,volkswagen,four,wagon,fwd,front,100.4,0.9698093220338982,0.9709724238026125,0.9582608695652174,2563,ohc,four,109,mpfi,3.19,3.4,9.0,88,5500.0,25,31,12290,10.638297872340425,13.191489361702127,low,False,True,True,False
189,-2,103.0,volvo,four,sedan,rwd,front,104.3,1.0,0.9753265602322205,0.9773913043478262,2912,ohc,four,141,mpfi,3.78,3.15,9.5,114,5400.0,23,28,12940,9.787234042553191,11.914893617021276,low,False,True,True,False
190,-1,74.0,volvo,four,wagon,rwd,front,104.3,1.0,0.9753265602322205,1.0,3034,ohc,four,141,mpfi,3.78,3.15,9.5,114,5400.0,23,28,13415,9.787234042553191,11.914893617021276,low,False,True,True,False
191,-2,103.0,volvo,four,sedan,rwd,front,104.3,1.0,0.9753265602322205,0.9773913043478262,2935,ohc,four,141,mpfi,3.78,3.15,9.5,114,5400.0,24,28,15985,10.212765957446807,11.914893617021276,low,False,True,True,False
192,-1,74.0,volvo,four,wagon,rwd,front,104.3,1.0,0.9753265602322205,1.0,3042,ohc,four,141,mpfi,3.78,3.15,9.5,114,5400.0,24,28,16515,10.212765957446807,11.914893617021276,low,False,True,True,False
193,-2,103.0,volvo,four,sedan,rwd,front,104.3,1.0,0.9753265602322205,0.9773913043478262,3045,ohc,four,130,mpfi,3.62,3.15,7.5,162,5100.0,17,22,18420,7.234042553191489,9.361702127659575,medium,False,True,False,True
194,-1,74.0,volvo,four,wagon,rwd,front,104.3,1.0,0.9753265602322205,1.0,3157,ohc,four,130,mpfi,3.62,3.15,7.5,162,5100.0,17,22,18950,7.234042553191489,9.361702127659575,medium,False,True,False,True
195,-1,95.0,volvo,four,sedan,rwd,front,109.1,1.0,1.0,1.0,2952,ohc,four,141,mpfi,3.78,3.15,9.5,114,5400.0,23,28,16845,9.787234042553191,11.914893617021276,low,False,True,True,False
196,-1,95.0,volvo,four,sedan,rwd,front,109.1,1.0,0.9985486211901305,1.0,3049,ohc,four,141,mpfi,3.78,3.15,8.7,160,5300.0,19,25,19045,8.085106382978724,10.638297872340425,medium,False,True,False,True
197,-1,95.0,volvo,four,sedan,rwd,front,109.1,1.0,1.0,1.0,3012,ohcv,six,173,mpfi,3.58,2.87,8.8,134,5500.0,18,23,21485,7.659574468085106,9.787234042553191,medium,False,True,True,False
198,-1,95.0,volvo,four,sedan,rwd,front,109.1,1.0,1.0,1.0,3217,ohc,six,145,idi,3.01,3.4,23.0,106,4800.0,26,27,22470,11.063829787234042,11.48936170212766,low,True,False,False,True
199,-1,95.0,volvo,four,sedan,rwd,front,109.1,1.0,1.0,1.0,3062,ohc,four,141,mpfi,3.78,3.15,9.5,114,5400.0,19,25,22625,8.085106382978724,10.638297872340425,low,False,True,False,True
